{"cameraMode":{"drawMode":0,"name":"Shaded","section":"Shading Mode"},"sceneLighting":true,"audioPlay":false,"sceneViewState":{"showFog":true,"showMaterialUpdate":false,"showSkybox":true,"showFlares":true,"showImageEffects":false,"showParticleSystems":true},"in2DMode":false,"pivot":{"x":1.1470969915390015,"y":2.556913375854492,"z":5.075157165527344},"rotation":{"x":-0.5534459352493286,"y":-0.0032472070306539537,"z":0.0021575982682406904,"w":-0.8328760266304016},"size":28.814279556274415,"orthographic":false}