{"cameraMode":{"drawMode":0,"name":"Shaded","section":"Shading Mode"},"sceneLighting":true,"audioPlay":false,"sceneViewState":{"showFog":true,"showMaterialUpdate":false,"showSkybox":true,"showFlares":true,"showImageEffects":false,"showParticleSystems":true},"in2DMode":false,"pivot":{"x":0.3015053868293762,"y":1.6276369094848633,"z":1.1764369010925294},"rotation":{"x":-0.5423996448516846,"y":-0.007059882860630751,"z":0.0045578135177493099,"w":-0.8400786519050598},"size":5.835953712463379,"orthographic":false}