{"cameraMode":{"drawMode":0,"name":"Shaded","section":"Shading Mode"},"sceneLighting":true,"audioPlay":false,"sceneViewState":{"showFog":true,"showMaterialUpdate":false,"showSkybox":true,"showFlares":true,"showImageEffects":false,"showParticleSystems":true},"in2DMode":false,"pivot":{"x":-3.7647385597229006,"y":25.802326202392579,"z":-13.114505767822266},"rotation":{"x":0.536566436290741,"y":-0.008860069327056408,"z":0.005634099245071411,"w":0.8437928557395935},"size":17.812265396118165,"orthographic":false}