{"cameraMode":{"drawMode":0,"name":"Shaded","section":"Shading Mode"},"sceneLighting":true,"audioPlay":false,"sceneViewState":{"showFog":true,"showMaterialUpdate":false,"showSkybox":true,"showFlares":true,"showImageEffects":false,"showParticleSystems":true},"in2DMode":false,"pivot":{"x":-0.19899140298366548,"y":1.4009509086608887,"z":-0.28284144401550295},"rotation":{"x":-0.5338926911354065,"y":-0.042575035244226459,"z":0.02693013846874237,"w":-0.8440502285957336},"size":3.2208292484283449,"orthographic":false}