{"cameraMode":{"drawMode":0,"name":"Shaded","section":"Shading Mode"},"sceneLighting":true,"audioPlay":false,"sceneViewState":{"showFog":true,"showMaterialUpdate":false,"showSkybox":true,"showFlares":true,"showImageEffects":false,"showParticleSystems":true},"in2DMode":false,"pivot":{"x":0.1614862084388733,"y":-0.9113309383392334,"z":4.87772798538208},"rotation":{"x":-0.28070712089538576,"y":-0.06989392638206482,"z":0.020500678569078447,"w":-0.9570257067680359},"size":9.818055152893067,"orthographic":false}