{"cameraMode":{"drawMode":0,"name":"Shaded","section":"Shading Mode"},"sceneLighting":true,"audioPlay":false,"sceneViewState":{"showFog":true,"showMaterialUpdate":false,"showSkybox":true,"showFlares":true,"showImageEffects":false,"showParticleSystems":true},"in2DMode":false,"pivot":{"x":-0.35369694232940676,"y":1.055191993713379,"z":0.20160996913909913},"rotation":{"x":-0.5308279991149902,"y":0.33912256360054018,"z":-0.24415695667266847,"w":-0.7372957468032837},"size":4.46238374710083,"orthographic":false}