{"cameraMode":{"drawMode":0,"name":"Shaded","section":"Shading Mode"},"sceneLighting":true,"audioPlay":false,"sceneViewState":{"showFog":true,"showMaterialUpdate":false,"showSkybox":true,"showFlares":true,"showImageEffects":false,"showParticleSystems":true},"in2DMode":false,"pivot":{"x":2.494874954223633,"y":0.35993480682373049,"z":1.7359583377838135},"rotation":{"x":-0.5014775395393372,"y":-0.003376771230250597,"z":0.0019572374876588585,"w":-0.8651618957519531},"size":6.57246208190918,"orthographic":false}